model,dataset,backbone,train_time,test_time,subdataset,image_AUROC,pixel_AUPRO
efficientad,visa,resnet18,43.051265001297,15.436529636383057,cashew,0.8964,0.7966730950508976
efficientad,mvtec_ad,resnet18,33.03010368347168,3.344238042831421,bottle,0.9873015873015873,0.7020235440804647
efficientad,mvtec_ad,resnet18,32.52315354347229,3.4555811882019043,bottle,0.9888888888888889,0.6943312553216049
